job_id,company_id,job_name,level,publication_date,locations,categories
18550871,15000709,IT/Helpdesk Support Specialist,Mid Level,2025-04-16 21:57:25+00:00,"[{'country_code': 'US', 'subdivision_code': 'US-VA', 'city': 'Manassas'}]",Computer and IT
18471576,15000753,IT/AV Support Coordinator,Mid Level,2025-04-10 03:49:58+00:00,"[{'country_code': 'US', 'subdivision_code': 'US-CA', 'city': 'San Francisco'}]",Computer and IT
18471733,15000753,IT/AV Support Coordinator,Mid Level,2025-04-10 03:49:58+00:00,"[{'country_code': 'US', 'subdivision_code': 'US-CA', 'city': 'San Leandro'}]",Computer and IT
18082415,15000686,Regional Partner Manager (RapidScale),Senior Level,2025-04-17 23:37:35+00:00,"[{'country_code': 'US', 'subdivision_code': 'US-CA', 'city': 'El Cajon'}]",Computer and IT
18471605,15000753,IT/AV Support Coordinator,Mid Level,2025-04-10 03:49:58+00:00,"[{'country_code': 'US', 'subdivision_code': 'US-CA', 'city': 'San Francisco'}]",Computer and IT
18471641,15000753,IT/AV Support Coordinator,Mid Level,2025-04-10 03:49:59+00:00,"[{'country_code': 'US', 'subdivision_code': 'US-CA', 'city': 'San Mateo'}]",Computer and IT
18471614,15000753,IT/AV Support Coordinator,Mid Level,2025-04-10 03:49:59+00:00,"[{'country_code': 'US', 'subdivision_code': 'US-CA', 'city': 'Daly City'}]",Computer and IT
18471736,15000753,IT/AV Support Coordinator,Mid Level,2025-04-10 03:49:59+00:00,"[{'country_code': 'US', 'subdivision_code': 'US-CA', 'city': 'San Francisco'}]",Computer and IT
18082290,15000686,Regional Partner Manager (RapidScale),Senior Level,2025-04-17 23:37:34+00:00,"[{'country_code': 'US', 'subdivision_code': 'US-CA', 'city': 'Winter Gardens'}]",Computer and IT
18527787,15000686,Regional Partner Manager (RapidScale),Senior Level,2025-04-17 23:37:34+00:00,"[{'country_code': 'US', 'subdivision_code': 'US-FL', 'city': 'Cantonment'}]",Computer and IT
18471797,15000753,IT/AV Support Coordinator,Mid Level,2025-04-10 03:49:59+00:00,"[{'country_code': 'US', 'subdivision_code': 'US-CA', 'city': 'Cupertino'}]",Computer and IT
18550896,15000709,IT/Helpdesk Support Specialist,Mid Level,2025-04-16 21:57:25+00:00,"[{'country_code': 'US', 'subdivision_code': 'US-VA', 'city': 'Fredericksburg'}]",Computer and IT
18471768,15000753,IT/AV Support Coordinator,Mid Level,2025-04-10 03:50:00+00:00,"[{'country_code': 'US', 'subdivision_code': 'US-CA', 'city': 'Fremont'}]",Computer and IT
18471647,15000753,IT/AV Support Coordinator,Mid Level,2025-04-10 03:49:59+00:00,"[{'country_code': 'US', 'subdivision_code': 'US-CA', 'city': 'Mountain View'}]",Computer and IT
18527811,15000686,Regional Partner Manager (RapidScale),Senior Level,2025-04-17 23:37:36+00:00,"[{'country_code': 'US', 'subdivision_code': 'US-LA', 'city': 'Zachary'}]",Computer and IT
18517123,15000846,IT Systems Clerk,Mid Level,2025-04-17 06:49:19+00:00,"[{'country_code': 'US', 'subdivision_code': 'US-IL', 'city': 'Sycamore'}]",Computer and IT
18471735,15000753,IT/AV Support Coordinator,Mid Level,2025-04-10 03:49:58+00:00,"[{'country_code': 'US', 'subdivision_code': 'US-CA', 'city': 'South San Francisco'}]",Computer and IT
18471610,15000753,IT/AV Support Coordinator,Mid Level,2025-04-10 03:49:59+00:00,"[{'country_code': 'US', 'subdivision_code': 'US-CA', 'city': 'Oakland'}]",Computer and IT
18527781,15000686,Regional Partner Manager (RapidScale),Senior Level,2025-04-17 23:37:34+00:00,"[{'country_code': 'US', 'subdivision_code': 'US-LA', 'city': 'Baton Rouge'}]",Computer and IT
18471810,15000753,IT/AV Support Coordinator,Mid Level,2025-04-10 03:49:58+00:00,"[{'country_code': 'US', 'subdivision_code': 'US-CA', 'city': 'Sunnyvale'}]",Computer and IT
18471575,15000753,IT/AV Support Coordinator,Mid Level,2025-04-10 03:49:58+00:00,"[{'country_code': 'US', 'subdivision_code': 'US-CA', 'city': 'Campbell'}]",Computer and IT
18471725,15000753,IT/AV Support Coordinator,Mid Level,2025-04-10 03:49:59+00:00,"[{'country_code': 'US', 'subdivision_code': 'US-CA', 'city': 'Palo Alto'}]",Computer and IT
18082288,15000686,Regional Partner Manager (RapidScale),Senior Level,2025-04-17 23:37:34+00:00,"[{'country_code': 'US', 'subdivision_code': 'US-CA', 'city': 'Rancho San Diego'}]",Computer and IT
18471720,15000753,IT/AV Support Coordinator,Mid Level,2025-04-10 03:49:58+00:00,"[{'country_code': 'US', 'subdivision_code': 'US-CA', 'city': 'Newark'}]",Computer and IT
14944381,15000181,Senior Telecommunications Engineer,Senior Level,2024-05-15 04:39:30+00:00,"[{'country': 'Flexible/Remote', 'state': 'Flexible/Remote', 'city': 'Flexible/Remote'}]",Computer and IT
18517206,15000855,Data Center Union Chiller Journeyman,Mid Level,2025-04-15 06:55:50+00:00,"[{'country_code': 'US', 'subdivision_code': 'US-GA', 'city': 'Roswell'}]",Computer and IT
18471753,15000753,IT/AV Support Coordinator,Mid Level,2025-04-10 03:49:59+00:00,"[{'country_code': 'US', 'subdivision_code': 'US-CA', 'city': 'Santa Cruz'}]",Computer and IT
18471717,15000753,IT/AV Support Coordinator,Mid Level,2025-04-10 03:49:58+00:00,"[{'country_code': 'US', 'subdivision_code': 'US-CA', 'city': 'Morgan Hill'}]",Computer and IT
18471792,15000753,IT/AV Support Coordinator,Mid Level,2025-04-10 03:50:00+00:00,"[{'country_code': 'US', 'subdivision_code': 'US-CA', 'city': 'South San Francisco'}]",Computer and IT
18471771,15000753,IT/AV Support Coordinator,Mid Level,2025-04-10 03:49:59+00:00,"[{'country_code': 'US', 'subdivision_code': 'US-CA', 'city': 'San Jose'}]",Computer and IT
18527798,15000686,Regional Partner Manager (RapidScale),Senior Level,2025-04-17 23:37:36+00:00,"[{'country_code': 'US', 'subdivision_code': 'US-LA', 'city': 'Baton Rouge'}]",Computer and IT
18471793,15000753,IT/AV Support Coordinator,Mid Level,2025-04-10 03:49:59+00:00,"[{'country_code': 'US', 'subdivision_code': 'US-CA', 'city': 'Mountain View'}]",Computer and IT
18471646,15000753,IT/AV Support Coordinator,Mid Level,2025-04-10 03:49:59+00:00,"[{'country_code': 'US', 'subdivision_code': 'US-CA', 'city': 'Redwood City'}]",Computer and IT
16022033,15000304,IT Support (Satellite) Training,Mid Level,2025-12-08 00:02:38+00:00,"[{'country_code': 'US', 'subdivision_code': 'US-NY', 'city': 'New York City'}]",Computer and IT
14897085,15000242,Betriebstechniker/in,Mid Level,2024-05-16 16:41:14+00:00,"[{'country_code': 'CH', 'subdivision_code': None, 'city': 'Jona'}]",Computer and IT
16890263,12160,Data Solution Architect,Mid Level,2024-10-30 00:42:57+00:00,"[{'country_code': 'HU', 'subdivision_code': None, 'city': 'Budapest'}]",Computer and IT
16859613,12251,Financial Consultant - ERP Specialist (Ecuador),Senior Level,2025-07-29 00:03:34+00:00,"[{'country': 'Flexible/Remote', 'state': 'Flexible/Remote', 'city': 'Flexible/Remote'}, {'country_code': 'EC', 'subdivision_code': None, 'city': 'Quito'}]",Computer and IT
17914261,1448,"System Services Representative Chicago, Illinois",Mid Level,2025-03-26 11:47:46+00:00,"[{'country_code': 'US', 'subdivision_code': 'US-IL', 'city': 'Chicago'}]",Computer and IT
16044754,15000304,Cybersecurity Analyst (Satellite) Training,Mid Level,2025-12-07 00:03:00+00:00,"[{'country_code': 'US', 'subdivision_code': 'US-NY', 'city': 'New York City'}]",Computer and IT
18249618,12160,Security Integration Specialist,Mid Level,2025-03-22 12:32:10+00:00,"[{'country_code': 'GE', 'subdivision_code': None, 'city': 'Zestap’oni'}]",Computer and IT
19001844,1442,IT Agile Program Manager - Corporate & ERP Systems,Senior Level,2025-10-29 19:00:57+00:00,"[{'country_code': 'US', 'subdivision_code': 'US-IL', 'city': 'Chicago'}]",Computer and IT
16022029,15000304,IT Support & Security Fundamentals Course,Mid Level,2025-09-17 19:18:03+00:00,"[{'country_code': 'US', 'subdivision_code': 'US-CO', 'city': 'Denver'}]",Computer and IT
19154204,15000307,Senior Mainframe Storage Architect,Senior Level,2025-07-28 23:00:48+00:00,"[{'country_code': 'US', 'subdivision_code': 'US-TX', 'city': 'Plano'}, {'country_code': 'US', 'subdivision_code': 'US-VA', 'city': 'Richmond'}]",Computer and IT
19384019,12251,Data Partner - Computer Science - Portuguese - Remote - Global,Mid Level,2025-07-29 00:03:34+00:00,"[{'country_code': 'IE', 'subdivision_code': None, 'city': 'Dublin'}, {'country': 'Flexible/Remote', 'state': 'Flexible/Remote', 'city': 'Flexible/Remote'}]",Computer and IT
13805842,15000029,Tech Lead- User Growth (Paid Acquisition),Senior Level,2025-07-01 00:28:44+00:00,"[{'country_code': 'SG', 'subdivision_code': None, 'city': 'Singapore'}]",Computer and IT
18116200,15000222,Datacenter Technician,Mid Level,2025-03-06 11:41:29+00:00,"[{'country_code': 'SE', 'subdivision_code': None, 'city': 'Stockholm'}]",Computer and IT
18493922,12096,Client Advocate I (Meritain Health),Mid Level,2025-04-14 12:03:26+00:00,"[{'country_code': 'US', 'subdivision_code': 'US-IA', 'city': 'Des Moines'}]",Computer and IT
18283378,12160,Senior Identity and Access Management Engineer,Senior Level,2025-03-22 12:32:16+00:00,"[{'country_code': 'BR', 'subdivision_code': None, 'city': 'Barra do Garças'}]",Computer and IT
17961698,15000490,Oracle DBA - L2,Senior Level,2025-02-20 23:38:12+00:00,"[{'country_code': 'IN', 'subdivision_code': None, 'city': 'Bangalore'}, {'country_code': 'IN', 'subdivision_code': None, 'city': 'Mumbai'}]",Computer and IT
19384028,12251,Data Partner - Computer Science - Arabic - Remote - Global,Mid Level,2025-07-29 00:03:34+00:00,"[{'country_code': 'IE', 'subdivision_code': None, 'city': 'Dublin'}, {'country': 'Flexible/Remote', 'state': 'Flexible/Remote', 'city': 'Flexible/Remote'}]",Computer and IT
18237319,1448,Accounts Receivable Analyst,Mid Level,2025-03-24 11:45:10+00:00,"[{'country_code': 'PH', 'subdivision_code': None, 'city': 'Naga'}]",Computer and IT
19039510,15000490,Technical Pre-Sales (Networking),Senior Level,2025-10-07 18:33:44+00:00,"[{'country': 'Flexible/Remote', 'state': 'Flexible/Remote', 'city': 'Flexible/Remote'}, {'country_code': 'IT', 'subdivision_code': None, 'city': 'Rome'}]",Computer and IT
17978641,12160,Salesforce Technical Architect,Senior Level,2025-02-21 12:44:13+00:00,"[{'country_code': 'BR', 'subdivision_code': None, 'city': 'Barra do Garças'}]",Computer and IT
19061794,15000490,Mainframe Storage Administrator,Mid Level,2025-11-05 18:34:06+00:00,"[{'country_code': 'IN', 'subdivision_code': None, 'city': 'Bangalore'}, {'country_code': 'IN', 'subdivision_code': None, 'city': 'Chennai'}]",Computer and IT
18722363,792,Principal Computer Systems Analyst,Senior Level,2025-06-05 12:49:34+00:00,"[{'country_code': 'US', 'subdivision_code': 'US-CA', 'city': 'Los Angeles'}]",Computer and IT
16893723,12160,System Architect - Microsoft Cloud Solutions,Mid Level,2025-02-15 12:43:49+00:00,"[{'country_code': 'US', 'subdivision_code': 'US-NJ', 'city': 'Rockaway'}]",Computer and IT
13354112,12146,Salesforce Technical Architect,Senior Level,2025-11-20 20:28:17+00:00,"[{'country_code': 'MX', 'subdivision_code': None, 'city': 'Mexico City'}]",Computer and IT
17452440,12160,Senior Data Software Engineer,Senior Level,2024-12-20 12:54:56+00:00,"[{'country_code': 'PT', 'subdivision_code': None, 'city': 'Entroncamento'}]",Computer and IT
18831394,15000029,"Lead Analyst - Global Security Organisation Client Services - TikTok, Singapore",Senior Level,2025-05-15 12:26:59+00:00,"[{'country_code': 'SG', 'subdivision_code': None, 'city': 'Singapore'}]",Computer and IT
19277724,230,Information Technology Auditor - Senior Consultant,Senior Level,2025-12-03 19:08:50+00:00,"[{'country_code': 'US', 'subdivision_code': 'US-MA', 'city': 'Boston'}, {'country_code': 'US', 'subdivision_code': 'US-NC', 'city': 'Charlotte'}, {'country_code': 'US', 'subdivision_code': 'US-IL', 'city': 'Chicago'}, {'country_code': 'US', 'subdivision_code': 'US-TX', 'city': 'Houston'}, {'country_code': 'US', 'subdivision_code': 'US-CA', 'city': 'Los Angeles'}, {'country_code': 'US', 'subdivision_code': 'US-NY', 'city': 'New York City'}, {'country_code': 'US', 'subdivision_code': 'US-CA', 'city': 'San Francisco'}]",Computer and IT
19347635,15000490,Senior IT Operations DataPipeline (IT ODP) Specialist,Senior Level,2025-10-31 18:32:43+00:00,"[{'country': 'Flexible/Remote', 'state': 'Flexible/Remote', 'city': 'Flexible/Remote'}, {'country_code': 'NL', 'subdivision_code': None, 'city': 'Hoofddorp'}]",Computer and IT
18747962,792,Classified Cybersecurity Analyst 2/3 - Polygraph,Senior Level,2025-07-22 12:53:51+00:00,"[{'country_code': 'US', 'subdivision_code': 'US-VA', 'city': 'Fairfax'}]",Computer and IT
19367991,792,Principal Linux Systems Administrator - Polygraph,Senior Level,2025-11-10 20:13:04+00:00,"[{'country_code': 'US', 'subdivision_code': 'US-CO', 'city': 'Aurora'}]",Computer and IT
18410279,12370,"Sr. Manager, eDiscovery & Forensics",Senior Level,2025-10-21 19:49:24+00:00,"[{'country_code': 'US', 'subdivision_code': 'US-NY', 'city': 'New York City'}]",Computer and IT
19298757,12085,Business Travel Consultant II,Mid Level,2025-11-21 18:34:26+00:00,"[{'country_code': 'IN', 'subdivision_code': None, 'city': 'Bangalore'}]",Computer and IT
19172024,12370,"Manager, CRM Operations",Senior Level,2025-10-18 19:56:13+00:00,"[{'country_code': 'MX', 'subdivision_code': None, 'city': 'Mexico City'}]",Computer and IT
17227398,12251,PhD Data Partner - Computer Science - Remote - Asia,Mid Level,2025-06-19 00:10:26+00:00,"[{'country': 'Flexible/Remote', 'state': 'Flexible/Remote', 'city': 'Flexible/Remote'}, {'country_code': 'IN', 'subdivision_code': None, 'city': 'New Delhi'}]",Computer and IT
19105456,15000490,Storage IT Specialist,Mid Level,2025-07-28 22:09:47+00:00,"[{'country_code': 'IT', 'subdivision_code': None, 'city': 'Rome'}]",Computer and IT
18494519,792,Computer Support 2,Mid Level,2025-04-15 12:42:40+00:00,"[{'country_code': 'US', 'subdivision_code': 'US-AL', 'city': 'Huntsville'}]",Computer and IT
17838640,15000183,Field Service Technician,Mid Level,2025-04-06 23:42:51+00:00,"[{'country_code': 'US', 'subdivision_code': 'US-TX', 'city': 'Houston'}]",Computer and IT
17958190,702,Infrastructure Architect (Hybrid),Mid Level,2025-02-20 12:10:45+00:00,"[{'country_code': 'CA', 'subdivision_code': None, 'city': 'Toronto'}]",Computer and IT
19295442,1448,Salesforce Consultant,Mid Level,2025-11-17 18:46:20+00:00,"[{'country_code': 'SK', 'subdivision_code': None, 'city': 'Banská Bystrica'}]",Computer and IT
19366915,12055,Field Service Power Generation Technician,Mid Level,2025-12-02 19:19:20+00:00,"[{'country_code': 'US', 'subdivision_code': 'US-VA', 'city': 'Manassas'}]",Computer and IT
19384025,12251,Data Partner - Computer Science - German - Remote - Global,Mid Level,2025-07-29 00:03:34+00:00,"[{'country_code': 'IE', 'subdivision_code': None, 'city': 'Dublin'}, {'country': 'Flexible/Remote', 'state': 'Flexible/Remote', 'city': 'Flexible/Remote'}]",Computer and IT
18477255,1448,Datacenter Technician,Mid Level,2025-04-11 11:45:44+00:00,"[{'country_code': 'IN', 'subdivision_code': None, 'city': 'Chennai'}]",Computer and IT
18424738,15000158,DevOps Intern,Internship,2025-04-05 11:39:01+00:00,"[{'country_code': 'US', 'subdivision_code': 'US-IL', 'city': 'Chicago'}]",Computer and IT
18026761,15000611,Product Line Management Engineer- New College Grad- (Bachelors),Mid Level,2025-03-02 00:28:31+00:00,"[{'country_code': 'US', 'subdivision_code': 'US-TX', 'city': 'Austin'}, {'country_code': 'US', 'subdivision_code': 'US-CA', 'city': 'Santa Clara'}]",Computer and IT
16894913,12160,System Architect - Microsoft Cloud Solutions,Mid Level,2025-02-15 12:43:49+00:00,"[{'country_code': 'AM', 'subdivision_code': None, 'city': 'Gavarr'}]",Computer and IT
13670102,15000242,Junior Equipment Specialist,Entry Level,2024-06-11 11:39:48+00:00,"[{'country_code': 'CH', 'subdivision_code': None, 'city': 'Jona'}]",Computer and IT
17916141,1448,【札幌】分散系サーバー基盤開発リーダー（金融領域）,Mid Level,2025-11-03 18:44:31+00:00,"[{'country_code': 'JP', 'subdivision_code': None, 'city': 'Sapporo'}]",Computer and IT
18494179,12096,Client Advocate I (Meritain Health),Mid Level,2025-04-14 12:03:26+00:00,"[{'country_code': 'US', 'subdivision_code': 'US-CT', 'city': 'Hartford'}]",Computer and IT
17937714,12096,IT Resiliency Testing Lead,Senior Level,2025-07-02 12:33:06+00:00,"[{'country_code': 'US', 'subdivision_code': 'US-GA', 'city': 'Atlanta'}]",Computer and IT
17616495,15000325,"Consultant - Cybersecurity Practitioner, Advisors",Mid Level,2025-04-18 00:11:15+00:00,"[{'country_code': 'TR', 'subdivision_code': None, 'city': 'Istanbul'}]",Computer and IT
12083591,15000183,Test Repair Technician,Mid Level,2025-07-28 22:21:38+00:00,"[{'country_code': 'GB', 'subdivision_code': None, 'city': 'Bognor Regis'}]",Computer and IT
18415629,12160,Senior MuleSoft Developer,Senior Level,2025-04-04 12:43:37+00:00,"[{'country_code': 'TR', 'subdivision_code': None, 'city': 'Kayseri'}]",Computer and IT
18287566,12096,Senior Actuary - Network Performance & Execution,Senior Level,2025-04-17 12:22:26+00:00,"[{'country_code': 'US', 'subdivision_code': 'US-PA', 'city': 'Spring House'}]",Computer and IT
18325515,12055,IT Support Associate - Level IV,Mid Level,2025-04-12 12:11:02+00:00,"[{'country_code': 'US', 'subdivision_code': 'US-SC', 'city': 'Summerville'}]",Computer and IT
19001849,1442,IT Agile Program Manager - Corporate & ERP Systems,Senior Level,2025-10-29 19:00:57+00:00,"[{'country_code': 'US', 'subdivision_code': 'US-MA', 'city': 'Quincy'}]",Computer and IT
16022041,15000304,IT Support Training,Mid Level,2025-12-08 00:02:38+00:00,"[{'country_code': 'US', 'subdivision_code': 'US-NY', 'city': 'Albany'}, {'country_code': 'US', 'subdivision_code': 'US-GA', 'city': 'Atlanta'}, {'country_code': 'US', 'subdivision_code': 'US-MD', 'city': 'Baltimore'}, {'country_code': 'US', 'subdivision_code': 'US-NY', 'city': 'Buffalo'}, {'country_code': 'US', 'subdivision_code': 'US-MA', 'city': 'Cambridge'}, {'country_code': 'US', 'subdivision_code': 'US-IL', 'city': 'Chicago'}, {'country_code': 'US', 'subdivision_code': 'US-OH', 'city': 'Cincinnati'}, {'country_code': 'US', 'subdivision_code': 'US-OH', 'city': 'Columbus'}, {'country_code': 'US', 'subdivision_code': 'US-TX', 'city': 'Dallas'}, {'country_code': 'US', 'subdivision_code': 'US-MI', 'city': 'Detroit'}, {'country_code': 'US', 'subdivision_code': 'US-CO', 'city': 'Gunnison'}, {'country_code': 'US', 'subdivision_code': 'US-TX', 'city': 'Houston'}, {'country_code': 'US', 'subdivision_code': 'US-IN', 'city': 'Indianapolis'}, {'country_code': 'US', 'subdivision_code': 'US-CA', 'city': 'Los Angeles'}, {'country_code': 'US', 'subdivision_code': 'US-NY', 'city': 'New York City'}, {'country_code': 'US', 'subdivision_code': 'US-NJ', 'city': 'Newark'}, {'country_code': 'US', 'subdivision_code': 'US-FL', 'city': 'Orlando'}, {'country_code': 'US', 'subdivision_code': 'US-PA', 'city': 'Philadelphia'}, {'country_code': 'US', 'subdivision_code': 'US-AZ', 'city': 'Phoenix'}, {'country_code': 'US', 'subdivision_code': 'US-PA', 'city': 'Pittsburgh'}, {'country_code': 'US', 'subdivision_code': 'US-WA', 'city': 'Seattle'}, {'country_code': 'US', 'subdivision_code': 'US-MO', 'city': 'St. Louis'}]",Computer and IT
18493388,12096,Client Advocate I (Meritain Health),Mid Level,2025-04-14 12:03:26+00:00,"[{'country_code': 'US', 'subdivision_code': 'US-ME', 'city': 'Gardiner'}]",Computer and IT
19308376,15000472,"Principal Analyst - Threat Hunting | On-site, Bangalore",Senior Level,2025-06-18 12:56:58+00:00,"[{'country_code': 'IN', 'subdivision_code': None, 'city': 'Bangalore'}]",Computer and IT
18302252,15000490,Network SE,Mid Level,2025-07-08 11:36:25+00:00,"[{'country_code': 'JP', 'subdivision_code': None, 'city': 'Tokyo'}]",Computer and IT
18415462,12160,Data Application Support Specialist,Mid Level,2025-04-04 12:43:37+00:00,"[{'country_code': 'ES', 'subdivision_code': None, 'city': 'Malaga'}]",Computer and IT
19103326,15000325,"Associate Managing Consultant, Advisors & Consulting Services",Mid Level,2025-08-26 19:15:15+00:00,"[{'country_code': 'UA', 'subdivision_code': None, 'city': 'Kyiv'}]",Computer and IT
16892318,12160,Senior Data DevOps Engineer,Senior Level,2025-01-30 12:49:45+00:00,"[{'country_code': 'CL', 'subdivision_code': None, 'city': 'San Javier'}]",Computer and IT
18425565,1448,Senior Oracle SCM Consultant,Senior Level,2025-04-10 11:47:02+00:00,"[{'country_code': 'AE', 'subdivision_code': None, 'city': 'Abu Dhabi'}]",Computer and IT
18316242,659,"Quality Assurance Manager, Product Quality",Senior Level,2025-06-25 00:21:24+00:00,"[{'country_code': 'US', 'subdivision_code': 'US-CA', 'city': 'Menlo Park'}]",Computer and IT
17893317,12178,Site IT Services Data & Analytics Lead,Senior Level,2025-03-04 00:37:46+00:00,"[{'country_code': 'GB', 'subdivision_code': None, 'city': 'Windsor'}]",Computer and IT
19021073,15000490,IT Specialist for Multi Cloud Project,Mid Level,2025-07-14 11:34:19+00:00,"[{'country': 'Flexible/Remote', 'state': 'Flexible/Remote', 'city': 'Flexible/Remote'}, {'country_code': 'JP', 'subdivision_code': None, 'city': 'Tokyo'}]",Computer and IT
18569903,15000275,System Administrators TSPV,Mid Level,2025-11-18 18:49:57+00:00,"[{'country_code': 'AU', 'subdivision_code': None, 'city': 'Melbourne'}]",Computer and IT
18264869,61,"Engineering Manager II, Machine Learning - Account Integrity",Senior Level,2025-04-04 00:42:12+00:00,"[{'country_code': 'US', 'subdivision_code': 'US-CA', 'city': 'San Francisco'}, {'country_code': 'US', 'subdivision_code': 'US-CA', 'city': 'Sunnyvale'}]",Data and Analytics
17944578,15000205,Senior Solutions Architect,Senior Level,2025-10-30 23:33:36+00:00,"[{'country_code': 'JP', 'subdivision_code': None, 'city': 'Tokyo'}]",Data and Analytics
18755816,61,Risk and Compliance Specialist II,Mid Level,2025-05-31 00:32:21+00:00,"[{'country_code': 'IN', 'subdivision_code': None, 'city': 'Gajuwaka'}]",Data and Analytics
19272148,61,Staff Machine Learning Engineer - Marketplace Signals,Senior Level,2025-11-27 00:34:06+00:00,"[{'country_code': 'US', 'subdivision_code': 'US-CA', 'city': 'San Francisco'}, {'country_code': 'US', 'subdivision_code': 'US-WA', 'city': 'Seattle'}]",Data and Analytics
19366552,15000097,"Senior Analyst, Sales Strategy S&O",Senior Level,2025-07-24 12:00:24+00:00,"[{'country_code': 'US', 'subdivision_code': 'US-CA', 'city': 'Los Angeles'}, {'country_code': 'US', 'subdivision_code': 'US-CA', 'city': 'San Francisco'}, {'country_code': 'US', 'subdivision_code': 'US-WA', 'city': 'Seattle'}]",Data and Analytics
18535928,15000484,Test Technician Senior,Senior Level,2025-04-15 09:46:38+00:00,"[{'country_code': 'US', 'subdivision_code': 'US-IL', 'city': 'Peoria'}]",Data and Analytics
19114385,61,Senior ML Engineer - Applied AI,Senior Level,2025-06-18 00:32:45+00:00,"[{'country_code': 'IN', 'subdivision_code': None, 'city': 'Bangalore'}]",Data and Analytics
18356618,15000532,Lead Data Engineer,Senior Level,2025-03-31 23:32:41+00:00,"[{'country_code': 'US', 'subdivision_code': 'US-NY', 'city': 'New York City'}]",Data and Analytics
19309470,15000556,Senior Analyst - Operations,Senior Level,2025-07-21 03:52:54+00:00,"[{'country_code': 'US', 'subdivision_code': 'US-WI', 'city': 'Kenosha'}]",Data and Analytics
17225115,15000205,Software Engineer - Machine Learning,Mid Level,2025-03-19 23:37:44+00:00,"[{'country_code': 'DE', 'subdivision_code': None, 'city': 'Griesheim'}]",Data and Analytics
18208594,15000197,Technical Programme Manager,Senior Level,2025-04-04 23:37:33+00:00,"[{'country_code': 'IE', 'subdivision_code': None, 'city': 'Galway'}]",Data and Analytics
18024399,15000205,Senior Product Data Scientist,Senior Level,2025-10-30 23:33:36+00:00,"[{'country_code': 'US', 'subdivision_code': 'US-CA', 'city': 'Redwood City'}]",Data and Analytics
19110023,15000556,Senior Oracle PL / SQL Developer,Senior Level,2025-06-08 09:49:45+00:00,"[{'country_code': 'US', 'subdivision_code': 'US-IL', 'city': 'Gurnee'}]",Data and Analytics
18305636,15000934,"Dermatology Physician - Seattle, WA",Mid Level,2025-03-28 09:49:12+00:00,"[{'country_code': 'US', 'subdivision_code': 'US-NY', 'city': 'Manhattan'}]",Data and Analytics
18036860,12145,Fraud Servicing ATM Debit - 2nd Shift,Mid Level,2025-02-28 00:00:52+00:00,"[{'country_code': 'US', 'subdivision_code': 'US-TX', 'city': 'Fort Worth'}]",Data and Analytics
19014938,15000532,Animal Keeper: Elephants,Mid Level,2025-05-19 03:55:11+00:00,"[{'country_code': 'US', 'subdivision_code': 'US-FL', 'city': 'Four Corners'}]",Data and Analytics
19110011,15000556,Senior Oracle PL / SQL Developer,Senior Level,2025-06-08 09:49:45+00:00,"[{'country_code': 'US', 'subdivision_code': 'US-WI', 'city': 'Sturtevant'}]",Data and Analytics
18589204,61,"Sr Staff Engineer, Machine Learning",Senior Level,2025-12-01 00:34:37+00:00,"[{'country_code': 'US', 'subdivision_code': 'US-CA', 'city': 'San Francisco'}, {'country_code': 'US', 'subdivision_code': 'US-WA', 'city': 'Seattle'}, {'country_code': 'US', 'subdivision_code': 'US-CA', 'city': 'Sunnyvale'}]",Data and Analytics
18502678,15000754,Patient Technology Technician,Mid Level,2025-04-12 00:47:13+00:00,"[{'country_code': 'US', 'subdivision_code': 'US-CO', 'city': 'Colorado Springs'}]",Data and Analytics
17848872,15000205,Principal Enterprise Architect,Senior Level,2025-10-30 23:33:34+00:00,"[{'country_code': 'IN', 'subdivision_code': None, 'city': 'Bangalore'}]",Data and Analytics
19110004,15000556,Senior Oracle PL / SQL Developer,Senior Level,2025-06-08 09:49:44+00:00,"[{'country_code': 'US', 'subdivision_code': 'US-WI', 'city': 'Waukesha'}]",Data and Analytics
18038875,15000686,Supply Chain Analytics Manager,Senior Level,2025-04-14 06:49:14+00:00,"[{'country_code': 'US', 'subdivision_code': 'US-GA', 'city': 'Norcross'}]",Data and Analytics
19024896,15000205,(Senior) Software Engineer - Performance,Senior Level,2025-12-02 18:33:49+00:00,"[{'country_code': 'DE', 'subdivision_code': None, 'city': 'Munich'}]",Data and Analytics
17817483,15000097,"Senior Operations Manager, DashMart",Senior Level,2025-04-05 12:06:28+00:00,"[{'country_code': 'US', 'subdivision_code': 'US-VA', 'city': 'Arlington'}, {'country_code': 'US', 'subdivision_code': 'US-MD', 'city': 'Baltimore'}, {'country_code': 'US', 'subdivision_code': 'US-OH', 'city': 'Cleveland'}, {'country_code': 'US', 'subdivision_code': 'US-DC', 'city': 'Washington'}]",Data and Analytics
18410989,15000819,Oracle Cloud ERP Technical / Functional Lead - Supply Chain,Mid Level,2025-04-16 09:46:52+00:00,"[{'country_code': 'US', 'subdivision_code': 'US-MA', 'city': 'Wilmington'}]",Data and Analytics
18241372,15000561,"Lead Business Analyst, EFS",Senior Level,2025-09-04 11:47:54+00:00,"[{'country_code': 'US', 'subdivision_code': 'US-TX', 'city': 'Houston'}]",Data and Analytics
18428399,1484,Category Manager,Senior Level,2025-04-05 12:42:12+00:00,"[{'country_code': 'US', 'subdivision_code': 'US-CA', 'city': 'San Francisco'}]",Data and Analytics
19202193,15000890,NP - Family Medicine,Mid Level,2025-07-04 11:44:09+00:00,"[{'country_code': 'US', 'subdivision_code': 'US-SD', 'city': 'Brookings'}]",Data and Analytics
18038964,15000686,Supply Chain Analytics Manager,Senior Level,2025-04-14 06:49:14+00:00,"[{'country_code': 'US', 'subdivision_code': 'US-GA', 'city': 'Morrow'}]",Data and Analytics
18779773,1484,"Sr. Business Intelligence Engineer, Tableau Administrator",Senior Level,2025-11-06 19:53:57+00:00,"[{'country': 'Flexible/Remote', 'state': 'Flexible/Remote', 'city': 'Flexible/Remote'}]",Data and Analytics
14732196,12145,Risk Analysis Sr. Manager,Senior Level,2025-03-19 23:58:42+00:00,"[{'country_code': 'US', 'subdivision_code': 'US-NC', 'city': 'Charlotte'}, {'country_code': 'US', 'subdivision_code': 'US-NY', 'city': 'New York City'}]",Data and Analytics
18551520,15000027,"Associate Manager, Customer Data & Analytics",Senior Level,2025-04-16 23:36:55+00:00,"[{'country_code': 'CN', 'subdivision_code': None, 'city': 'Shanghai'}]",Data and Analytics
19309475,15000556,Senior Analyst - Operations,Senior Level,2025-07-21 03:52:54+00:00,"[{'country_code': 'US', 'subdivision_code': 'US-WI', 'city': 'Sturtevant'}]",Data and Analytics
18019782,15000097,"Data Analyst, Labs",Senior Level,2025-04-03 12:10:23+00:00,"[{'country_code': 'IN', 'subdivision_code': None, 'city': 'Hyderabad'}]",Data and Analytics
18241374,15000561,"Lead Business Analyst, EFS",Senior Level,2025-09-04 11:47:54+00:00,"[{'country_code': 'US', 'subdivision_code': 'US-TX', 'city': 'Houston'}]",Data and Analytics
18726092,12145,Data Scientist I,Senior Level,2025-05-19 23:56:39+00:00,"[{'country_code': 'US', 'subdivision_code': 'US-MA', 'city': 'Boston'}, {'country_code': 'US', 'subdivision_code': 'US-AZ', 'city': 'Chandler'}, {'country_code': 'US', 'subdivision_code': 'US-NC', 'city': 'Charlotte'}, {'country_code': 'US', 'subdivision_code': 'US-IL', 'city': 'Chicago'}, {'country_code': 'US', 'subdivision_code': 'US-FL', 'city': 'Jacksonville'}, {'country_code': 'US', 'subdivision_code': 'US-GA', 'city': 'Kennesaw'}, {'country_code': 'US', 'subdivision_code': 'US-NY', 'city': 'New York City'}, {'country_code': 'US', 'subdivision_code': 'US-DE', 'city': 'Newark'}, {'country_code': 'US', 'subdivision_code': 'US-AZ', 'city': 'Phoenix'}, {'country_code': 'US', 'subdivision_code': 'US-TX', 'city': 'Plano'}, {'country_code': 'US', 'subdivision_code': 'US-VA', 'city': 'Richmond'}, {'country_code': 'US', 'subdivision_code': 'US-FL', 'city': 'Tampa'}]",Data and Analytics
16622164,15000097,"Software Engineer, Machine Learning Infrastructure",Senior Level,2025-12-05 19:23:18+00:00,"[{'country_code': 'US', 'subdivision_code': 'US-CA', 'city': 'San Francisco'}, {'country_code': 'US', 'subdivision_code': 'US-WA', 'city': 'Seattle'}, {'country_code': 'US', 'subdivision_code': 'US-CA', 'city': 'Sunnyvale'}]",Data and Analytics
18292352,15000934,"Primary Care Physician (FM/IM) - Eugene, OR",Entry Level,2025-03-28 09:49:13+00:00,"[{'country_code': 'US', 'subdivision_code': 'US-OR', 'city': 'Eugene'}]",Data and Analytics
18526097,15000547,Collections Associate,Mid Level,2025-04-14 03:58:21+00:00,"[{'country_code': 'US', 'subdivision_code': 'US-RI', 'city': 'Johnston'}]",Data and Analytics
19305971,15000097,"Database Solutions Engineer, Storage",Senior Level,2025-12-05 19:23:16+00:00,"[{'country_code': 'US', 'subdivision_code': 'US-NY', 'city': 'New York City'}, {'country_code': 'US', 'subdivision_code': 'US-CA', 'city': 'San Francisco'}, {'country_code': 'US', 'subdivision_code': 'US-WA', 'city': 'Seattle'}, {'country_code': 'US', 'subdivision_code': 'US-CA', 'city': 'Sunnyvale'}]",Data and Analytics
18591740,15000097,"Data Solutions Engineer, Storage",Senior Level,2025-12-05 19:23:16+00:00,"[{'country_code': 'US', 'subdivision_code': 'US-NY', 'city': 'New York City'}, {'country_code': 'US', 'subdivision_code': 'US-CA', 'city': 'San Francisco'}, {'country_code': 'US', 'subdivision_code': 'US-WA', 'city': 'Seattle'}, {'country_code': 'US', 'subdivision_code': 'US-CA', 'city': 'Sunnyvale'}]",Data and Analytics
18651673,15000097,"Software Engineer, Data Mobility Frameworks",Mid Level,2025-12-05 19:23:16+00:00,"[{'country_code': 'US', 'subdivision_code': 'US-CA', 'city': 'San Francisco'}, {'country_code': 'US', 'subdivision_code': 'US-WA', 'city': 'Seattle'}, {'country_code': 'US', 'subdivision_code': 'US-CA', 'city': 'Sunnyvale'}]",Data and Analytics
16251844,15000097,Data Engineer,Mid Level,2025-04-25 16:02:01+00:00,"[{'country_code': 'BR', 'subdivision_code': None, 'city': 'São Paulo'}]",Data and Analytics
18490265,15000097,"Manager, Marketplace, New Bets, Strategy & Operations",Senior Level,2025-12-05 19:23:17+00:00,"[{'country_code': 'US', 'subdivision_code': 'US-IL', 'city': 'Chicago'}, {'country_code': 'US', 'subdivision_code': 'US-CA', 'city': 'Los Angeles'}, {'country_code': 'US', 'subdivision_code': 'US-NY', 'city': 'New York City'}, {'country_code': 'US', 'subdivision_code': 'US-CA', 'city': 'San Francisco'}, {'country_code': 'US', 'subdivision_code': 'US-WA', 'city': 'Seattle'}, {'country_code': 'US', 'subdivision_code': 'US-DC', 'city': 'Washington'}]",Data and Analytics
18173323,12145,Assistant Manager,Senior Level,2025-04-14 23:53:23+00:00,"[{'country_code': 'IN', 'subdivision_code': None, 'city': 'Chennai'}]",Data and Analytics
17471132,12145,Client Service Associate/Treasury Service Advisor,Senior Level,2025-03-23 23:52:59+00:00,"[{'country_code': 'IN', 'subdivision_code': None, 'city': 'Bangalore'}]",Data and Analytics
18549772,12346,Fraud Strategy Analytics Analyst II (Entry / Intermediate Level),Mid Level,2025-04-16 15:47:20+00:00,"[{'country_code': 'US', 'subdivision_code': 'US-CO', 'city': 'Colorado Springs'}]",Data and Analytics
17810500,15000205,Software Engineer - Machine Learning,Mid Level,2025-10-30 23:33:37+00:00,"[{'country_code': 'US', 'subdivision_code': 'US-CA', 'city': 'Redwood City'}]",Data and Analytics
18626620,12145,Senior Architect,Senior Level,2025-09-29 18:56:40+00:00,"[{'country_code': 'US', 'subdivision_code': 'US-TX', 'city': 'Addison'}, {'country_code': 'US', 'subdivision_code': 'US-NC', 'city': 'Charlotte'}, {'country_code': 'US', 'subdivision_code': 'US-DE', 'city': 'Newark'}]",Data and Analytics
18502677,15000754,Patient Technology Technician,Mid Level,2025-04-12 00:47:13+00:00,"[{'country_code': 'US', 'subdivision_code': 'US-CO', 'city': 'Littleton'}]",Data and Analytics
19873424,15000097,Shift Lead - North Richland Hills,Mid Level,2025-12-05 19:23:19+00:00,"[{'country_code': 'US', 'subdivision_code': 'US-TX', 'city': 'Richland Hills'}]",Data and Analytics
18411163,15000890,Registered Nurse I-Acute MedSurgical A-Full Time,Mid Level,2025-04-18 03:52:03+00:00,"[{'country_code': 'US', 'subdivision_code': 'US-LA', 'city': 'Alexandria'}]",Data and Analytics
18615992,15000097,"Data Scientist, International",Mid Level,2025-11-26 19:14:13+00:00,"[{'country_code': 'CA', 'subdivision_code': None, 'city': 'Toronto'}]",Data and Analytics
18624937,15000205,Software Engineer - Machine Learning,Mid Level,2025-10-30 23:33:37+00:00,"[{'country_code': 'US', 'subdivision_code': 'US-CA', 'city': 'Redwood City'}]",Data and Analytics
18241362,15000561,"Lead Business Analyst, EFS",Senior Level,2025-09-04 11:47:54+00:00,"[{'country_code': 'US', 'subdivision_code': 'US-TX', 'city': 'Houston'}]",Data and Analytics
18543568,61,Staff ML Engineer - Applied AI,Senior Level,2025-08-26 00:26:37+00:00,"[{'country_code': 'IN', 'subdivision_code': None, 'city': 'Bangalore'}]",Data and Analytics
18479104,15000097,"Operations Specialist, Remote Assistance (On-Site)",Mid Level,2025-07-20 11:57:50+00:00,"[{'country_code': 'MX', 'subdivision_code': None, 'city': 'Mexico City'}]",Data and Analytics
18207679,15000554,Retail Data Collector,Mid Level,2025-06-08 09:59:17+00:00,"[{'country_code': 'US', 'subdivision_code': 'US-RI', 'city': 'Johnston'}]",Data and Analytics
19380513,15000934,RN ASC GI Per Diem,Mid Level,2025-06-27 11:44:24+00:00,"[{'country_code': 'US', 'subdivision_code': 'US-WA', 'city': 'Mt. Vernon'}]",Data and Analytics
18550120,15000569,Data Center Engineering Operations Technician,Mid Level,2025-04-16 15:51:47+00:00,"[{'country_code': 'US', 'subdivision_code': 'US-OR', 'city': 'Hermiston'}]",Data and Analytics
14891395,15000205,Principal Enterprise Architect,Senior Level,2025-12-02 23:33:00+00:00,"[{'country_code': 'US', 'subdivision_code': 'US-NY', 'city': 'New York City'}]",Data and Analytics
19360197,15000205,Associate Value Engineer (AI-Driven Data Science & Analytics) - Orbit Program,Mid Level,2025-10-30 23:33:31+00:00,"[{'country_code': 'US', 'subdivision_code': 'US-NC', 'city': 'Raleigh'}]",Data and Analytics
16643671,15000097,"Senior Software Engineer, Data Engineering",Senior Level,2025-07-28 23:54:05+00:00,"[{'country_code': 'IN', 'subdivision_code': None, 'city': 'Pune'}]",Data and Analytics
18437787,15000532,Digital Innovation Strategy and Operations Senior Analyst,Senior Level,2025-04-07 04:00:11+00:00,"[{'country_code': 'US', 'subdivision_code': 'US-NY', 'city': 'New York City'}]",Data and Analytics
18038969,15000686,Supply Chain Analytics Manager,Senior Level,2025-04-14 06:49:14+00:00,"[{'country_code': 'US', 'subdivision_code': 'US-GA', 'city': 'Roswell'}]",Data and Analytics
19398884,15000097,"Sr. Account Specialist, Supervisor",Senior Level,2025-07-10 12:00:33+00:00,"[{'country_code': 'MX', 'subdivision_code': None, 'city': 'Mexico City'}]",Data and Analytics
18502682,15000754,Patient Technology Technician,Mid Level,2025-04-12 00:47:13+00:00,"[{'country_code': 'US', 'subdivision_code': 'US-CO', 'city': 'Lone Tree'}]",Data and Analytics
18241364,15000561,"Lead Business Analyst, EFS",Senior Level,2025-09-04 11:47:54+00:00,"[{'country_code': 'US', 'subdivision_code': 'US-TX', 'city': 'Houston'}]",Data and Analytics
18194915,61,Process Optimization Specialist,Mid Level,2025-04-04 00:42:12+00:00,"[{'country_code': 'PL', 'subdivision_code': None, 'city': 'Krakow'}]",Data and Analytics
18099934,12145,Data Support Manager,Senior Level,2025-03-05 00:16:47+00:00,"[{'country_code': 'GB', 'subdivision_code': None, 'city': 'London'}]",Data and Analytics
18241367,15000561,"Lead Business Analyst, EFS",Senior Level,2025-09-04 11:47:54+00:00,"[{'country_code': 'US', 'subdivision_code': 'US-TX', 'city': 'Houston'}]",Data and Analytics
18780092,61,Senior Merchant Operations Manager,Senior Level,2025-05-10 12:32:58+00:00,"[{'country_code': 'CA', 'subdivision_code': None, 'city': 'Toronto'}]",Data and Analytics
18257303,12145,Team Developer,Mid Level,2025-03-23 23:52:56+00:00,"[{'country_code': 'IN', 'subdivision_code': None, 'city': 'Ghandinagar'}]",Data and Analytics
18241365,15000561,"Lead Business Analyst, EFS",Senior Level,2025-09-04 11:47:54+00:00,"[{'country_code': 'US', 'subdivision_code': 'US-TX', 'city': 'Houston'}]",Data and Analytics
18409386,12145,Data Engineer II B - GBS IND,Senior Level,2025-04-04 00:01:20+00:00,"[{'country_code': 'IN', 'subdivision_code': None, 'city': 'Chennai'}, {'country_code': 'IN', 'subdivision_code': None, 'city': 'Hyderabad'}]",Data and Analytics
18207676,15000554,Retail Data Collector,Mid Level,2025-06-08 09:59:17+00:00,"[{'country_code': 'US', 'subdivision_code': 'US-RI', 'city': 'Coventry'}]",Data and Analytics
16776257,15000097,"Senior Software Engineer, Machine Learning - Consumer ML",Senior Level,2025-12-05 19:23:18+00:00,"[{'country_code': 'US', 'subdivision_code': 'US-CA', 'city': 'San Francisco'}, {'country_code': 'US', 'subdivision_code': 'US-WA', 'city': 'Seattle'}, {'country_code': 'US', 'subdivision_code': 'US-CA', 'city': 'Sunnyvale'}]",Data and Analytics
18393264,15000819,Oracle Cloud ERP Technical / Functional Lead – Finance & HR Systems,Mid Level,2025-04-16 09:46:53+00:00,"[{'country_code': 'US', 'subdivision_code': 'US-MA', 'city': 'Wilmington'}]",Data and Analytics
18742241,61,Senior AI/ML Engineer,Senior Level,2025-05-08 00:28:50+00:00,"[{'country_code': 'IN', 'subdivision_code': None, 'city': 'Bangalore'}]",Data and Analytics
19380907,15000934,RN Care Manager,Senior Level,2025-06-27 11:44:40+00:00,"[{'country_code': 'US', 'subdivision_code': 'US-WA', 'city': 'Woodinville'}]",Data and Analytics
16251715,15000097,Data Scientist / Senior Data Scientist,Senior Level,2025-12-05 19:23:19+00:00,"[{'country_code': 'US', 'subdivision_code': 'US-TX', 'city': 'Austin'}, {'country_code': 'US', 'subdivision_code': 'US-IL', 'city': 'Chicago'}, {'country_code': 'US', 'subdivision_code': 'US-CA', 'city': 'Los Angeles'}, {'country_code': 'US', 'subdivision_code': 'US-NY', 'city': 'New York City'}, {'country_code': 'US', 'subdivision_code': 'US-CA', 'city': 'San Francisco'}, {'country_code': 'US', 'subdivision_code': 'US-WA', 'city': 'Seattle'}, {'country_code': 'US', 'subdivision_code': 'US-DC', 'city': 'Washington'}]",Data and Analytics
16643681,15000097,"Software Engineer, Data Engineer II",Mid Level,2025-07-28 23:54:05+00:00,"[{'country_code': 'IN', 'subdivision_code': None, 'city': 'Pune'}]",Data and Analytics
18039004,15000686,Supply Chain Analytics Manager,Senior Level,2025-04-14 06:49:14+00:00,"[{'country_code': 'US', 'subdivision_code': 'US-GA', 'city': 'Decatur'}]",Data and Analytics
18207680,15000554,Retail Data Collector,Mid Level,2025-06-08 09:59:17+00:00,"[{'country_code': 'US', 'subdivision_code': 'US-RI', 'city': 'Woonsocket'}]",Data and Analytics
19320853,11715,AI Engineer,Mid Level,2025-12-06 20:30:22+00:00,"[{'country_code': 'US', 'subdivision_code': 'US-NY', 'city': 'Purchase'}]",Data and Analytics
20035622,15000188,Area Manager - New Grad,Senior Level,2025-09-24 18:31:50+00:00,"[{'country_code': 'US', 'subdivision_code': 'US-PA', 'city': 'Bethlehem'}]",Data and Analytics
18186630,12145,GWIM Sr Operations Rep,Senior Level,2025-03-13 00:07:07+00:00,"[{'country_code': 'US', 'subdivision_code': 'US-CA', 'city': 'San Francisco'}]",Data and Analytics
18233192,15000786,ML Operations Engineer (TS/SCI with CI poly),Mid Level,2025-04-07 03:54:52+00:00,"[{'country_code': 'US', 'subdivision_code': 'US-VA', 'city': 'Herndon'}]",Data and Analytics
16007302,15000190,Technical Strategy Associate,Mid Level,2025-02-13 23:38:34+00:00,"[{'country_code': 'US', 'subdivision_code': 'US-CA', 'city': 'Sunnyvale'}]",Data and Analytics
19000362,61,"Staff Machine Learning Engineer, Dynamic Pricing",Mid Level,2025-12-01 00:34:37+00:00,"[{'country_code': 'US', 'subdivision_code': 'US-CA', 'city': 'San Francisco'}, {'country_code': 'US', 'subdivision_code': 'US-CA', 'city': 'Sunnyvale'}]",Data and Analytics
18234932,12145,Team Leader,Mid Level,2025-03-23 23:52:57+00:00,"[{'country_code': 'IN', 'subdivision_code': None, 'city': 'Gurgaon'}]",Data and Analytics
18397105,12145,Senior Manager,Senior Level,2025-04-09 23:58:23+00:00,"[{'country_code': 'IN', 'subdivision_code': None, 'city': 'Gurgaon'}, {'country_code': 'IN', 'subdivision_code': None, 'city': 'Serilingampalle'}]",Data and Analytics
16251696,15000097,"Senior Software Engineer, Data Engineering",Senior Level,2025-12-05 19:23:19+00:00,"[{'country_code': 'US', 'subdivision_code': 'US-CA', 'city': 'San Francisco'}, {'country_code': 'US', 'subdivision_code': 'US-WA', 'city': 'Seattle'}, {'country_code': 'US', 'subdivision_code': 'US-CA', 'city': 'Sunnyvale'}]",Data and Analytics
19362766,61,Staff Machine Learning Engineer - Causal Inference,Mid Level,2025-09-03 00:30:30+00:00,"[{'country_code': 'US', 'subdivision_code': 'US-NY', 'city': 'New York City'}, {'country_code': 'US', 'subdivision_code': 'US-CA', 'city': 'San Francisco'}]",Data and Analytics
20035673,15000188,Area Manager,Senior Level,2025-09-24 18:31:49+00:00,"[{'country_code': 'US', 'subdivision_code': 'US-PA', 'city': 'Bethlehem'}]",Data and Analytics
18241391,15000561,"Lead Business Analyst, EFS",Senior Level,2025-09-04 11:47:54+00:00,"[{'country_code': 'US', 'subdivision_code': 'US-TX', 'city': 'Missouri City'}]",Data and Analytics
19395852,61,"Manager II, Science- Delivery Logistics",Senior Level,2025-10-21 00:27:46+00:00,"[{'country_code': 'US', 'subdivision_code': 'US-NY', 'city': 'New York City'}]",Data and Analytics
18514693,15000027,"Consultant, Global Share Plans",Mid Level,2025-04-12 23:37:12+00:00,"[{'country_code': 'US', 'subdivision_code': 'US-GA', 'city': 'Atlanta'}]",Data and Analytics
18292339,15000934,Primary Care Physician - Family Medicine or Internal Medicine - Northern Washington State,Mid Level,2025-03-28 09:49:13+00:00,"[{'country_code': 'US', 'subdivision_code': 'US-WA', 'city': 'Tulalip Bay'}]",Data and Analytics
18690943,11895,Drivers Needed in Tampa Bay,Senior Level,2025-08-27 13:55:42+00:00,"[{'country_code': 'US', 'subdivision_code': 'US-FL', 'city': 'Tampa'}]",Software Engineering
18646114,11895,Drivers Needed in Milwaukee,Senior Level,2025-08-27 13:55:41+00:00,"[{'country_code': 'US', 'subdivision_code': 'US-WI', 'city': 'Milwaukee'}]",Software Engineering
18693499,11895,Drive with Lyft - Features made for women + enby drivers,Senior Level,2025-08-27 13:55:41+00:00,"[{'country_code': 'US', 'subdivision_code': 'US-KS', 'city': 'Wichita'}]",Software Engineering
18674408,11895,"Drivers wanted - Great alternative to part-time, full-time and seasonal work",Senior Level,2025-08-27 13:55:40+00:00,"[{'country_code': 'US', 'subdivision_code': 'US-IN', 'city': 'Indianapolis'}]",Software Engineering
17761006,15000852,Senior Cybersecurity Engineer - Continuous Control Monitoring,Senior Level,2025-04-17 23:37:38+00:00,"[{'country_code': 'US', 'subdivision_code': 'US-GA', 'city': 'Decatur'}]",Software Engineering
18192625,15000097,"Representante Senior de Atención al Cliente, Bilingüe",Senior Level,2025-07-11 12:00:36+00:00,"[{'country_code': 'MX', 'subdivision_code': None, 'city': 'Mexico City'}]",Software Engineering
19391487,15000556,Platform Engineer,Senior Level,2025-07-16 09:48:28+00:00,"[{'country_code': 'US', 'subdivision_code': 'US-WI', 'city': 'Pleasant Prairie'}]",Software Engineering
18409399,12145,Solution Engineer Lead - GBS IND,Mid Level,2025-04-15 23:58:24+00:00,"[{'country_code': 'IN', 'subdivision_code': None, 'city': 'Chennai'}, {'country_code': 'IN', 'subdivision_code': None, 'city': 'Mumbai'}]",Software Engineering
18607441,11895,Drivers Needed in Columbia,Senior Level,2025-08-27 13:55:41+00:00,"[{'country_code': 'US', 'subdivision_code': 'US-MO', 'city': 'Columbia'}]",Software Engineering
18358607,15000727,Assistant Manager - Service Experience - Victoria Ward Village Rack,Senior Level,2025-04-07 03:58:34+00:00,"[{'country_code': 'US', 'subdivision_code': 'US-HI', 'city': 'Honolulu'}]",Software Engineering
18482934,15000770,Systems Operations Engineer,Mid Level,2025-04-16 21:57:27+00:00,"[{'country_code': 'US', 'subdivision_code': 'US-FL', 'city': 'Miami'}]",Software Engineering
17713066,15000709,Network/RF Technician - Industry leading benefits,Mid Level,2025-04-01 10:18:02+00:00,"[{'country_code': 'US', 'subdivision_code': 'US-VA', 'city': 'Norfolk'}]",Software Engineering
14253412,11895,Drive with Lyft - Signing up is Easy,Senior Level,2024-09-23 06:46:00+00:00,"[{'country_code': 'US', 'subdivision_code': 'US-GA', 'city': 'Atlanta'}]",Software Engineering
18639870,11895,Drive with Lyft - Signing up is Easy,Senior Level,2025-08-27 13:55:42+00:00,"[{'country_code': 'US', 'subdivision_code': 'US-MO', 'city': 'Kansas City'}]",Software Engineering
19322738,15000150,Principal Network Engineer - Data Centers,Senior Level,2025-07-25 22:11:25+00:00,"[{'country_code': 'US', 'subdivision_code': 'US-SC', 'city': 'Columbia'}]",Software Engineering
18687945,11895,"Drivers wanted - Great alternative to part-time, full-time and seasonal work",Senior Level,2025-08-27 13:55:42+00:00,"[{'country_code': 'US', 'subdivision_code': 'US-NC', 'city': 'Charlotte'}]",Software Engineering
17712744,15000709,Mid-Level Network/RF Technician - Competitive 401(k) programs,Mid Level,2025-04-01 10:18:00+00:00,"[{'country_code': 'US', 'subdivision_code': 'US-VA', 'city': 'Chesapeake'}]",Software Engineering
18640431,11895,Drive with Lyft - Signing up is Easy,Senior Level,2025-08-27 13:55:40+00:00,"[{'country_code': 'US', 'subdivision_code': 'US-AZ', 'city': 'Phoenix'}]",Software Engineering
16801419,15000190,"Manager, Starship Build",Senior Level,2025-03-20 23:36:45+00:00,"[{'country_code': 'US', 'subdivision_code': 'US-TX', 'city': 'Brownsville'}]",Software Engineering
16251859,15000097,"Senior Technical Program Manager, Product",Senior Level,2025-12-05 19:23:20+00:00,"[{'country_code': 'US', 'subdivision_code': 'US-NY', 'city': 'New York City'}, {'country_code': 'US', 'subdivision_code': 'US-CA', 'city': 'San Francisco'}, {'country_code': 'US', 'subdivision_code': 'US-WA', 'city': 'Seattle'}, {'country_code': 'US', 'subdivision_code': 'US-CA', 'city': 'Sunnyvale'}]",Software Engineering
18540583,15000027,Warehouse Coordinator (3rd Shift M-F 7pm-3:30am),Mid Level,2025-04-15 23:36:51+00:00,"[{'country_code': 'US', 'subdivision_code': 'US-CA', 'city': 'Ontario'}]",Software Engineering
18684386,11895,Drive with Lyft - Signing up is Easy,Senior Level,2025-08-27 13:55:40+00:00,"[{'country_code': 'US', 'subdivision_code': 'US-TN', 'city': 'Memphis'}]",Software Engineering
17931103,15000196,Senior Data Engineer (ETL Developer),Senior Level,2025-03-20 11:35:26+00:00,"[{'country_code': 'BR', 'subdivision_code': None, 'city': 'São Paulo'}]",Software Engineering
17980753,15000205,"Manager, Software Engineering",Senior Level,2025-10-30 23:33:34+00:00,"[{'country_code': 'US', 'subdivision_code': 'US-CA', 'city': 'Redwood City'}]",Software Engineering
15203723,15000205,Engineering Manager - Celonis Process Management,Senior Level,2025-10-30 23:33:33+00:00,"[{'country_code': 'DE', 'subdivision_code': None, 'city': 'Munich'}]",Software Engineering
18496148,15000027,"Consultant, Special Populations",Mid Level,2025-04-11 23:36:36+00:00,"[{'country_code': 'PH', 'subdivision_code': None, 'city': 'Bonifacio Global City'}]",Software Engineering
17713205,15000709,Mid-Level Network/RF Technician - Competitive 401(k) programs,Mid Level,2025-04-01 10:18:00+00:00,"[{'country_code': 'US', 'subdivision_code': 'US-VA', 'city': 'Norfolk'}]",Software Engineering
18636986,11895,Drive with Lyft - No Experience Needed,Senior Level,2025-08-27 13:55:42+00:00,"[{'country_code': 'US', 'subdivision_code': 'US-PA', 'city': 'Philadelphia'}]",Software Engineering
17819426,11715,Manufacturing IT Delivery Lead,Senior Level,2025-12-05 20:54:48+00:00,"[{'country_code': 'US', 'subdivision_code': 'US-TX', 'city': 'Plano'}]",Software Engineering
18639271,11895,Drive with Lyft - Earn on Your Own Schedule,Senior Level,2025-08-27 13:55:39+00:00,"[{'country_code': 'US', 'subdivision_code': 'US-OR', 'city': 'Portland'}]",Software Engineering
17931071,15000199,Researcher III,Senior Level,2025-03-31 23:33:16+00:00,"[{'country_code': 'SG', 'subdivision_code': None, 'city': 'Singapore'}]",Software Engineering
18688903,11895,Drive with Lyft - Features made for women + enby drivers,Senior Level,2025-08-27 13:55:41+00:00,"[{'country_code': 'US', 'subdivision_code': 'US-KS', 'city': 'Manhattan'}]",Software Engineering
16131567,11895,Drivers Needed in New Orleans,Senior Level,2024-09-23 06:46:01+00:00,"[{'country_code': 'US', 'subdivision_code': 'US-LA', 'city': 'New Orleans'}]",Software Engineering
19355005,15000199,"Technical Producer, Release Engineering & China Coordination - VALORANT",Mid Level,2025-12-04 18:30:42+00:00,"[{'country_code': 'AU', 'subdivision_code': None, 'city': 'Sydney'}]",Software Engineering
17760607,15000852,Lead Cybersecurity Engineer - Continuous Control Monitoring,Senior Level,2025-04-17 23:37:39+00:00,"[{'country_code': 'US', 'subdivision_code': 'US-GA', 'city': 'College Park'}]",Software Engineering
12718052,15000188,"Software Development Engineer I, SMB",Mid Level,2025-10-30 18:31:48+00:00,"[{'country_code': 'IN', 'subdivision_code': None, 'city': 'Bangalore'}]",Software Engineering
19410966,15000190,"Propulsion Fluids Analyst, Raptor Engine Systems",Mid Level,2025-11-18 18:32:34+00:00,"[{'country_code': 'US', 'subdivision_code': 'US-CA', 'city': 'El Segundo'}]",Software Engineering
18640717,11895,Drive with Lyft - Signing up is Easy,Senior Level,2025-08-27 13:55:39+00:00,"[{'country_code': 'US', 'subdivision_code': 'US-IL', 'city': 'Chicago'}]",Software Engineering
19249700,15000205,"Senior Quality Engineer (C#, Desktop App Testing)",Senior Level,2025-12-03 18:34:41+00:00,"[{'country_code': 'IN', 'subdivision_code': None, 'city': 'Bangalore'}]",Software Engineering
14251210,11895,Drive with Lyft - Signing up is Easy,Senior Level,2024-09-23 06:46:01+00:00,"[{'country_code': 'US', 'subdivision_code': 'US-VA', 'city': 'Virginia Beach'}]",Software Engineering
20028577,15000208,Relief Weekend Veterinarian - Berkeley + Walnut Creek,Mid Level,2025-09-18 23:32:49+00:00,"[{'country_code': 'US', 'subdivision_code': 'US-CA', 'city': 'Emeryville'}, {'country_code': 'US', 'subdivision_code': 'US-CA', 'city': 'Walnut Creek'}]",Software Engineering
18606939,11895,Drivers Needed in Las Vegas,Senior Level,2025-08-27 13:55:42+00:00,"[{'country_code': 'US', 'subdivision_code': 'US-NV', 'city': 'Las Vegas'}]",Software Engineering
15095953,15000190,Sr. Dynamics Engineer (Starship),Senior Level,2025-02-13 23:38:29+00:00,"[{'country_code': 'US', 'subdivision_code': 'US-CA', 'city': 'El Segundo'}]",Software Engineering
18694455,11895,Drive with Lyft - Signing up is Easy,Senior Level,2025-08-27 13:55:41+00:00,"[{'country_code': 'US', 'subdivision_code': 'US-PA', 'city': 'Pittsburgh'}]",Software Engineering
18597543,11895,Drivers Needed in Portland,Senior Level,2025-08-27 13:55:41+00:00,"[{'country_code': 'US', 'subdivision_code': 'US-OR', 'city': 'Portland'}]",Software Engineering
18595298,11895,Drive with Lyft - Features made for women + enby drivers,Senior Level,2025-08-27 13:55:41+00:00,"[{'country_code': 'US', 'subdivision_code': 'US-MO', 'city': 'Kansas City'}]",Software Engineering
14284031,11895,Drive with Lyft - Earn on Your Own Schedule,Senior Level,2024-09-23 06:46:01+00:00,"[{'country_code': 'US', 'subdivision_code': 'US-IL', 'city': 'Chicago'}]",Software Engineering
18685188,11895,Drive with Lyft - Earn on Your Own Schedule,Senior Level,2025-08-27 13:55:42+00:00,"[{'country_code': 'US', 'subdivision_code': 'US-PA', 'city': 'Pittsburgh'}]",Software Engineering
18600920,11895,Drive with Lyft - Features made for women + enby drivers,Senior Level,2025-08-27 13:55:39+00:00,"[{'country_code': 'US', 'subdivision_code': 'US-KS', 'city': 'Lawrence'}]",Software Engineering
18832164,15000556,Senior Software Engineer - Kubernetes,Senior Level,2025-06-07 21:47:00+00:00,"[{'country_code': 'US', 'subdivision_code': 'US-WI', 'city': 'Sturtevant'}]",Software Engineering
18628294,11895,Drivers Needed in Lawrence,Senior Level,2025-08-27 13:55:40+00:00,"[{'country_code': 'US', 'subdivision_code': 'US-KS', 'city': 'Lawrence'}]",Software Engineering
16961772,15000199,"Senior Integration Specialist, Enterprise",Senior Level,2025-07-17 23:33:02+00:00,"[{'country_code': 'US', 'subdivision_code': 'US-CA', 'city': 'Los Angeles'}]",Software Engineering
16251916,15000097,"Software Engineer, Android (All Teams)",Mid Level,2025-12-05 19:23:19+00:00,"[{'country_code': 'US', 'subdivision_code': 'US-CA', 'city': 'Los Angeles'}, {'country_code': 'US', 'subdivision_code': 'US-NY', 'city': 'New York City'}, {'country_code': 'US', 'subdivision_code': 'US-CA', 'city': 'San Francisco'}, {'country_code': 'US', 'subdivision_code': 'US-WA', 'city': 'Seattle'}, {'country_code': 'US', 'subdivision_code': 'US-CA', 'city': 'Sunnyvale'}]",Software Engineering
17760615,15000852,Cybersecurity Senior Engineer (Customer Cyber Threat Response),Senior Level,2025-04-17 23:37:38+00:00,"[{'country_code': 'US', 'subdivision_code': 'US-GA', 'city': 'Buckhead'}]",Software Engineering
18562503,12145,Enterprise Financial Risk Capital Markets Risk Sr. Specialist,Senior Level,2025-12-02 18:56:23+00:00,"[{'country_code': 'US', 'subdivision_code': 'US-NC', 'city': 'Charlotte'}, {'country_code': 'US', 'subdivision_code': 'US-NY', 'city': 'New York City'}]",Software Engineering
10985213,15000196,Test Job for Integration with Exadel.com Job Board,Mid Level,2025-08-04 15:35:40+00:00,"[{'country_code': 'AM', 'subdivision_code': None, 'city': 'Gavarr'}, {'country_code': 'BY', 'subdivision_code': None, 'city': 'Mar’’ina Horka'}]",Software Engineering
19294615,15000205,Senior Value Engineer,Senior Level,2025-10-30 23:33:37+00:00,"[{'country_code': 'IN', 'subdivision_code': None, 'city': 'Bangalore'}]",Software Engineering
16285335,15000205,Senior Backend Engineer (AI Experiences),Senior Level,2025-10-30 23:33:35+00:00,"[{'country_code': 'ES', 'subdivision_code': None, 'city': 'Madrid'}]",Software Engineering
15179670,11895,Drive with Lyft - Signing up is Easy,Senior Level,2024-09-23 06:46:01+00:00,"[{'country_code': 'US', 'subdivision_code': 'US-KS', 'city': 'Wichita'}]",Software Engineering
18701566,11895,Drive with Lyft - Features made for women + enby drivers,Senior Level,2025-08-27 13:55:41+00:00,"[{'country_code': 'US', 'subdivision_code': 'US-MO', 'city': 'Springfield'}]",Software Engineering
18083943,61,"Senior Scientist, Uber for Business",Senior Level,2025-04-02 00:40:03+00:00,"[{'country_code': 'IN', 'subdivision_code': None, 'city': 'Bangalore'}]",Software Engineering
18677117,11895,Drive with Lyft - No Experience Needed,Senior Level,2025-08-27 13:55:41+00:00,"[{'country_code': 'US', 'subdivision_code': 'US-MD', 'city': 'Baltimore'}]",Software Engineering
18108734,61,Senior Staff Tech Lead Manager - Pricing & Incentives,Senior Level,2025-09-19 00:26:44+00:00,"[{'country_code': 'US', 'subdivision_code': 'US-CA', 'city': 'San Francisco'}]",Software Engineering
16362007,15000190,"Launch Engineer, Ground Support Equipment (Falcon)",Mid Level,2025-02-13 23:38:20+00:00,"[{'country_code': 'US', 'subdivision_code': 'US-FL', 'city': 'Rockledge'}]",Software Engineering
18615269,11895,Drivers Needed in Virginia Beach,Senior Level,2025-08-27 13:55:41+00:00,"[{'country_code': 'US', 'subdivision_code': 'US-VA', 'city': 'Virginia Beach'}]",Software Engineering
18648924,11895,Drive with Lyft - No Experience Needed,Senior Level,2025-08-27 13:55:41+00:00,"[{'country_code': 'US', 'subdivision_code': 'US-WI', 'city': 'Milwaukee'}]",Software Engineering
14531981,11895,"Drivers wanted - Great alternative to part-time, full-time and seasonal work",Senior Level,2024-09-23 06:46:01+00:00,"[{'country_code': 'US', 'subdivision_code': 'US-CO', 'city': 'Denver'}]",Software Engineering
18640664,11895,Drive with Lyft - Signing up is Easy,Senior Level,2025-08-27 13:55:42+00:00,"[{'country_code': 'US', 'subdivision_code': 'US-TX', 'city': 'San Antonio'}]",Software Engineering
17761376,15000852,Cybersecurity Senior Engineer (Customer Cyber Threat Response),Senior Level,2025-04-17 23:37:41+00:00,"[{'country_code': 'US', 'subdivision_code': 'US-GA', 'city': 'College Park'}]",Software Engineering
18641248,11895,"Drivers wanted - Great alternative to part-time, full-time and seasonal work",Senior Level,2025-08-27 13:55:39+00:00,"[{'country_code': 'US', 'subdivision_code': 'US-VA', 'city': 'Middleburg'}]",Software Engineering
18647855,11895,Drive with Lyft - No Experience Needed,Senior Level,2025-08-27 13:55:40+00:00,"[{'country_code': 'US', 'subdivision_code': 'US-AZ', 'city': 'Phoenix'}]",Software Engineering
15179648,11895,"Drivers wanted - Great alternative to part-time, full-time and seasonal work",Senior Level,2024-09-23 06:46:01+00:00,"[{'country_code': 'US', 'subdivision_code': 'US-KS', 'city': 'Wichita'}]",Software Engineering
17761021,15000852,Lead Cybersecurity Detection Engineer,Senior Level,2025-04-17 23:37:38+00:00,"[{'country_code': 'US', 'subdivision_code': 'US-GA', 'city': 'Decatur'}]",Software Engineering
19107812,15000097,"Engineering Manager, Traffic",Senior Level,2025-12-05 19:23:16+00:00,"[{'country_code': 'US', 'subdivision_code': 'US-CA', 'city': 'San Francisco'}, {'country_code': 'US', 'subdivision_code': 'US-WA', 'city': 'Seattle'}, {'country_code': 'US', 'subdivision_code': 'US-CA', 'city': 'Sunnyvale'}]",Software Engineering
18697133,11895,Drive with Lyft - No Experience Needed,Senior Level,2025-08-27 13:55:40+00:00,"[{'country_code': 'US', 'subdivision_code': 'US-IN', 'city': 'Indianapolis'}]",Software Engineering
19410777,15000190,IT Linux Systems Engineer,Senior Level,2025-07-30 23:35:37+00:00,"[{'country_code': 'US', 'subdivision_code': 'US-CA', 'city': 'El Segundo'}]",Software Engineering
18596576,11895,Drive with Lyft - Features made for women + enby drivers,Senior Level,2025-08-27 13:55:41+00:00,"[{'country_code': 'US', 'subdivision_code': 'US-LA', 'city': 'New Orleans'}]",Software Engineering
18652627,11895,Drive with Lyft - Earn on Your Own Schedule,Senior Level,2025-08-27 13:55:40+00:00,"[{'country_code': 'US', 'subdivision_code': 'US-NC', 'city': 'Charlotte'}]",Software Engineering
14291345,11895,Drivers Needed in Tampa Bay,Senior Level,2024-09-23 06:46:01+00:00,"[{'country_code': 'US', 'subdivision_code': 'US-FL', 'city': 'Tampa'}]",Software Engineering
18036734,12145,Production Services Specialist -GBS IND,Senior Level,2025-03-23 23:52:58+00:00,"[{'country_code': 'IN', 'subdivision_code': None, 'city': 'Chennai'}]",Software Engineering
20026620,61,Staff Software Engineer - Data & AI (Storage),Senior Level,2025-10-07 00:31:17+00:00,"[{'country_code': 'US', 'subdivision_code': 'US-CA', 'city': 'Sunnyvale'}]",Software Engineering
18648449,11895,Drive with Lyft - Features made for women + enby drivers,Senior Level,2025-08-27 13:55:39+00:00,"[{'country_code': 'US', 'subdivision_code': 'US-AZ', 'city': 'Phoenix'}]",Software Engineering
18832195,15000556,Senior Software Engineer - Kubernetes,Senior Level,2025-06-07 21:47:02+00:00,"[{'country_code': 'US', 'subdivision_code': 'US-WI', 'city': 'Silver Lake'}]",Software Engineering
18357952,15000532,Sr Software Engineer (JavaScript),Senior Level,2025-04-01 00:46:55+00:00,"[{'country_code': 'US', 'subdivision_code': 'US-CA', 'city': 'Burbank'}]",Software Engineering
18300214,15000709,Systems Engineer (Aegis/SSDS)**,Senior Level,2025-04-01 10:18:06+00:00,"[{'country_code': 'US', 'subdivision_code': 'US-MD', 'city': 'Hollywood'}]",Software Engineering
18619150,11895,Drivers Needed in New Orleans,Senior Level,2025-08-27 13:55:41+00:00,"[{'country_code': 'US', 'subdivision_code': 'US-LA', 'city': 'New Orleans'}]",Software Engineering
18649113,15000097,"Threat Response Engineer, Security Operations",Senior Level,2025-12-05 19:23:16+00:00,"[{'country_code': 'US', 'subdivision_code': 'US-HI', 'city': 'Honolulu'}]",Software Engineering
18590026,61,Sr. Staff Security Engineer,Senior Level,2025-08-26 00:26:36+00:00,"[{'country_code': 'US', 'subdivision_code': 'US-NY', 'city': 'New York City'}, {'country_code': 'US', 'subdivision_code': 'US-WA', 'city': 'Seattle'}, {'country_code': 'US', 'subdivision_code': 'US-CA', 'city': 'Sunnyvale'}]",Software Engineering
18603212,11895,Drive with Lyft - Signing up is Easy,Senior Level,2025-08-27 13:55:41+00:00,"[{'country_code': 'US', 'subdivision_code': 'US-CA', 'city': 'Redlands'}]",Software Engineering
18593136,11895,Drivers Needed in Charlotte,Senior Level,2025-08-27 13:55:42+00:00,"[{'country_code': 'US', 'subdivision_code': 'US-NC', 'city': 'Charlotte'}]",Software Engineering
18089595,15000852,Sr Software Engineer - ServiceNow,Senior Level,2025-04-17 23:37:41+00:00,"[{'country_code': 'US', 'subdivision_code': 'US-GA', 'city': 'College Park'}]",Software Engineering
18089590,15000852,Sr Software Engineer - ServiceNow,Senior Level,2025-04-17 23:37:39+00:00,"[{'country_code': 'US', 'subdivision_code': 'US-GA', 'city': 'College Park'}]",Software Engineering
19249744,15000205,Senior Software Engineer,Senior Level,2025-12-05 18:35:05+00:00,"[{'country_code': 'IN', 'subdivision_code': None, 'city': 'Bangalore'}]",Software Engineering
18669405,11895,Drive with Lyft - No Experience Needed,Senior Level,2025-08-27 13:55:42+00:00,"[{'country_code': 'US', 'subdivision_code': 'US-PA', 'city': 'Pittsburgh'}]",Software Engineering
18688867,11895,Drive with Lyft - Features made for women + enby drivers,Senior Level,2025-08-27 13:55:42+00:00,"[{'country_code': 'US', 'subdivision_code': 'US-VA', 'city': 'Richmond'}]",Software Engineering
18688949,11895,Drive with Lyft - No Experience Needed,Senior Level,2025-08-27 13:55:40+00:00,"[{'country_code': 'US', 'subdivision_code': 'US-MO', 'city': 'Springfield'}]",Software Engineering
19196828,61,"Sr Software Engineer, Frontend (Web)",Senior Level,2025-11-28 00:31:38+00:00,"[{'country_code': 'BR', 'subdivision_code': None, 'city': 'São Paulo'}]",Software Engineering
18664933,11895,Drive with Lyft - No Experience Needed,Senior Level,2025-08-27 13:55:41+00:00,"[{'country_code': 'US', 'subdivision_code': 'US-KS', 'city': 'Garden City'}]",Software Engineering
16251941,15000097,"Senior Software Engineer, Simulation Infrastructure, DoorDash Labs",Senior Level,2025-03-06 12:07:30+00:00,"[{'country_code': 'US', 'subdivision_code': 'US-CA', 'city': 'San Francisco'}]",Software Engineering
